{"areas": [[[0.371875, 0.8435185185185186], [0.3338541666666667, 0.46574074074074073], [0.4713541666666667, 0.4462962962962963], [0.7578125, 0.7157407407407408]], [[0.7583333333333333, 0.7157407407407408], [0.47239583333333335, 0.4444444444444444], [0.590625, 0.4351851851851852], [0.9067708333333333, 0.6203703703703703]]], "name_areas": ["new_1", "new_2"], "zones": [[[0.3338541666666667, 0.46574074074074073], [0.3375, 0.5027777777777778], [0.5, 0.47314814814814815], [0.4713541666666667, 0.4462962962962963]], [[0.371875, 0.8435185185185186], [0.36614583333333334, 0.7861111111111111], [0.7145833333333333, 0.675], [0.7578125, 0.7157407407407408]], [[0.7583333333333333, 0.7157407407407408], [0.7151041666666667, 0.675], [0.8588541666666667, 0.5925925925925926], [0.9067708333333333, 0.6203703703703703]], [[0.47239583333333335, 0.4444444444444444], [0.5005208333333333, 0.47129629629629627], [0.621875, 0.4537037037037037], [0.590625, 0.4351851851851852]]], "name_zones": ["new_11", "new_12", "new_21", "new_22"], "directions": [true, false], "color_areas": [[255, 0, 0], [255, 0, 0]], "color_zones": [[0, 255, 0], [0, 255, 0], [0, 255, 0], [0, 255, 0]], "widths": [1, 1, 1, 1], "flash_minizone_colors": [[255, 0, 0], [255, 0, 0], [255, 0, 0], [255, 0, 0]]}