{"areas": [[[0.36614583333333334, 0.8675925925925926], [0.33229166666666665, 0.43796296296296294], [0.490625, 0.42592592592592593], [0.803125, 0.7212962962962963]], [[0.49270833333333336, 0.425], [0.6322916666666667, 0.4166666666666667], [0.9692708333333333, 0.6314814814814815], [0.803125, 0.7212962962962963]]], "name_areas": ["new_1", "new_2"], "zones": [[[0.33229166666666665, 0.43796296296296294], [0.33541666666666664, 0.48055555555555557], [0.521875, 0.4546296296296296], [0.490625, 0.42592592592592593]], [[0.36614583333333334, 0.8675925925925926], [0.3609375, 0.8027777777777778], [0.75625, 0.6768518518518518], [0.803125, 0.7212962962962963]], [[0.803125, 0.7212962962962963], [0.75625, 0.6768518518518518], [0.9182291666666667, 0.5990740740740741], [0.9692708333333333, 0.6314814814814815]], [[0.49270833333333336, 0.425], [0.5234375, 0.4546296296296296], [0.665625, 0.43796296296296294], [0.6322916666666667, 0.4166666666666667]]], "name_zones": ["new_11", "new_12", "new_21", "new_22"], "directions": [true, false], "color_areas": [[255, 0, 0], [255, 0, 0]], "color_zones": [[0, 255, 0], [0, 255, 0], [0, 255, 0], [0, 255, 0]], "widths": [1, 1, 1, 1], "flash_minizone_colors": [[255, 0, 0], [255, 0, 0], [255, 0, 0], [255, 0, 0]]}