{"areas": [[[0.3671875, 0.38333333333333336], [0.5328125, 0.31296296296296294], [0.8119791666666667, 0.45925925925925926], [0.4239583333333333, 0.7611111111111111]]], "name_areas": ["9 \u0443\u0447\u0430\u0441\u0442\u043e\u043a \u0421\u0432\u043e\u0431\u043e\u0434\u043d\u044b\u0439 \u043f\u0440\u043e\u0441\u043f\u0435\u043a\u0442_1"], "zones": [[[0.3671875, 0.38333333333333336], [0.3723958333333333, 0.4203703703703704], [0.5604166666666667, 0.32685185185185184], [0.5328125, 0.31296296296296294]], [[0.4239583333333333, 0.7611111111111111], [0.41510416666666666, 0.7037037037037037], [0.7697916666666667, 0.43703703703703706], [0.8119791666666667, 0.45925925925925926]]], "name_zones": ["9 \u0443\u0447\u0430\u0441\u0442\u043e\u043a \u0421\u0432\u043e\u0431\u043e\u0434\u043d\u044b\u0439 \u043f\u0440\u043e\u0441\u043f\u0435\u043a\u0442_11", "9 \u0443\u0447\u0430\u0441\u0442\u043e\u043a \u0421\u0432\u043e\u0431\u043e\u0434\u043d\u044b\u0439 \u043f\u0440\u043e\u0441\u043f\u0435\u043a\u0442_12"], "directions": [true], "color_areas": [[255, 0, 0]], "color_zones": [[0, 255, 0], [0, 255, 0]], "widths": [1, 1], "flash_minizone_colors": [[255, 0, 0], [255, 0, 0]]}