{"areas": [[[0.46927083333333336, 0.7546296296296297], [0.425, 0.3111111111111111], [0.5682291666666667, 0.2898148148148148], [0.9083333333333333, 0.5462962962962963]], [[0.9078125, 0.5425925925925926], [0.5723958333333333, 0.28888888888888886], [0.6640625, 0.26944444444444443], [0.99375, 0.43703703703703706]]], "name_areas": ["new_1", "new_2"], "zones": [[[0.425, 0.3111111111111111], [0.42916666666666664, 0.35462962962962963], [0.6020833333333333, 0.3148148148148148], [0.5682291666666667, 0.2898148148148148]], [[0.46927083333333336, 0.7546296296296297], [0.4625, 0.687962962962963], [0.8572916666666667, 0.5074074074074074], [0.9083333333333333, 0.5462962962962963]], [[0.9078125, 0.5425925925925926], [0.8572916666666667, 0.5037037037037037], [0.9442708333333333, 0.4111111111111111], [0.99375, 0.43703703703703706]], [[0.5723958333333333, 0.28888888888888886], [0.6057291666666667, 0.3138888888888889], [0.696875, 0.2861111111111111], [0.6640625, 0.26944444444444443]]], "name_zones": ["new_11", "new_12", "new_21", "new_22"], "directions": [true, false], "color_areas": [[255, 0, 0], [255, 0, 0]], "color_zones": [[0, 255, 0], [0, 255, 0], [0, 255, 0], [0, 255, 0]], "widths": [1, 1, 1, 1], "flash_minizone_colors": [[255, 0, 0], [255, 0, 0], [255, 0, 0], [255, 0, 0]]}