{"areas": [[[0.32916666666666666, 0.4324074074074074], [0.48854166666666665, 0.35185185185185186], [0.7932291666666667, 0.4925925925925926], [0.4036458333333333, 0.8388888888888889]]], "name_areas": ["9 \u0443\u0447\u0430\u0441\u0442\u043e\u043a \u0421\u0432\u043e\u0431\u043e\u0434\u043d\u044b\u0439 \u043f\u0440\u043e\u0441\u043f\u0435\u043a\u0442_1"], "zones": [[[0.32916666666666666, 0.4324074074074074], [0.33645833333333336, 0.4722222222222222], [0.51875, 0.36574074074074076], [0.48854166666666665, 0.35185185185185186]], [[0.4036458333333333, 0.8388888888888889], [0.3921875, 0.7777777777777778], [0.7473958333333334, 0.47129629629629627], [0.7932291666666667, 0.4925925925925926]]], "name_zones": ["9 \u0443\u0447\u0430\u0441\u0442\u043e\u043a \u0421\u0432\u043e\u0431\u043e\u0434\u043d\u044b\u0439 \u043f\u0440\u043e\u0441\u043f\u0435\u043a\u0442_11", "9 \u0443\u0447\u0430\u0441\u0442\u043e\u043a \u0421\u0432\u043e\u0431\u043e\u0434\u043d\u044b\u0439 \u043f\u0440\u043e\u0441\u043f\u0435\u043a\u0442_12"], "directions": [true], "color_areas": [[255, 0, 0]], "color_zones": [[0, 255, 0], [0, 255, 0]], "widths": [1, 1], "flash_minizone_colors": [[255, 0, 0], [255, 0, 0]]}