{"areas": [[[0.33359375, 0.2152777777777778], [0.4828125, 0.19027777777777777], [0.78984375, 0.4041666666666667], [0.34609375, 0.5972222222222222]]], "name_areas": ["need_markup_1"], "zones": [[[0.33359375, 0.2152777777777778], [0.334375, 0.25277777777777777], [0.51328125, 0.2111111111111111], [0.4828125, 0.19027777777777777]], [[0.34609375, 0.5972222222222222], [0.34375, 0.5388888888888889], [0.74375, 0.37083333333333335], [0.78984375, 0.4041666666666667]]], "name_zones": ["need_markup_11", "need_markup_12"], "directions": [true], "color_areas": [[255, 0, 0]], "color_zones": [[0, 255, 0], [0, 255, 0]], "widths": [1, 1], "flash_minizone_colors": [[255, 0, 0], [255, 0, 0]]}