{"areas": [[[0.2171875, 0.8555555555555555], [0.16458333333333333, 0.3851851851851852], [0.34270833333333334, 0.3768518518518518], [0.6729166666666667, 0.6916666666666667]], [[0.34479166666666666, 0.3787037037037037], [0.5, 0.362962962962963], [0.8854166666666666, 0.5824074074074074], [0.6765625, 0.6907407407407408]]], "name_areas": ["new_1", "new_2"], "zones": [[[0.16458333333333333, 0.3851851851851852], [0.16979166666666667, 0.43148148148148147], [0.37552083333333336, 0.4083333333333333], [0.34270833333333334, 0.3768518518518518]], [[0.2171875, 0.8555555555555555], [0.20885416666666667, 0.7842592592592592], [0.6229166666666667, 0.6444444444444445], [0.6729166666666667, 0.6916666666666667]], [[0.6765625, 0.6907407407407408], [0.6265625, 0.6435185185185185], [0.8276041666666667, 0.549074074074074], [0.8854166666666666, 0.5824074074074074]], [[0.34479166666666666, 0.3787037037037037], [0.3776041666666667, 0.40925925925925927], [0.5385416666666667, 0.38425925925925924], [0.5, 0.362962962962963]]], "name_zones": ["new_11", "new_12", "new_21", "new_22"], "directions": [true, false], "color_areas": [[255, 0, 0], [255, 0, 0]], "color_zones": [[0, 255, 0], [0, 255, 0], [0, 255, 0], [0, 255, 0]], "widths": [1, 1, 1, 1], "flash_minizone_colors": [[255, 0, 0], [255, 0, 0], [255, 0, 0], [255, 0, 0]]}