{"areas": [[[0.6125, 0.35555555555555557], [0.7807291666666667, 0.32407407407407407], [1.14375, 0.5148148148148148], [0.6052083333333333, 0.7324074074074074]]], "name_areas": ["10 \u0443\u0447\u0430\u0441\u0442\u043e\u043a \u0421\u0432\u043e\u0431\u043e\u0434\u043d\u044b\u0439 \u043f\u0440\u043e\u0441\u043f\u0435\u043a\u0442_1"], "zones": [[[0.6125, 0.35555555555555557], [0.6114583333333333, 0.3925925925925926], [0.8166666666666667, 0.3425925925925926], [0.7807291666666667, 0.32407407407407407]], [[0.6052083333333333, 0.7324074074074074], [0.60625, 0.675], [1.0890625, 0.4861111111111111], [1.14375, 0.5148148148148148]]], "name_zones": ["10 \u0443\u0447\u0430\u0441\u0442\u043e\u043a \u0421\u0432\u043e\u0431\u043e\u0434\u043d\u044b\u0439 \u043f\u0440\u043e\u0441\u043f\u0435\u043a\u0442_11", "10 \u0443\u0447\u0430\u0441\u0442\u043e\u043a \u0421\u0432\u043e\u0431\u043e\u0434\u043d\u044b\u0439 \u043f\u0440\u043e\u0441\u043f\u0435\u043a\u0442_12"], "directions": [true], "color_areas": [[255, 0, 0]], "color_zones": [[0, 255, 0], [0, 255, 0]], "widths": [1, 1], "flash_minizone_colors": [[255, 0, 0], [255, 0, 0]]}